"","CT.DENSITY","CT.AVGINCOME","CT.AVGINCOMESE","CT.SIZE","CT.SIZESE","CT.ROOMS","CT.ROOMSSE","CT.DEGREE","CT.DEGREESE","CT.OWN","CT.OWNSE","CT.VEHICLES","CT.VEHICLESSE"
"1",13232.09,99091.8918918919,3600.39038490935,0.174447174447174,0.0263008407180641,3.18454190186713,0.0883798840188838,0.596068796068796,0.0263765632120383,0.0992628992628993,0.019691306286086,0.635380835380835,0.0783521886302989
"2",21917.63,135164.337060703,6968.24566711489,0.669728434504792,0.0642477758991063,4.2238219895288,0.13309803271423,0.79832268370607,0.0462893533703607,0.363817891373802,0.0487698201305379,0.991613418530351,0.101896192851896
"3",42257.97,124997.527200791,6069.47798720009,0.426310583580613,0.0587749314189776,4.32072299285414,0.124102856082474,0.656280909990109,0.0369594330713593,0.263105835806133,0.0496298259435556,0.962413452027695,0.097924841095214
"4",35832.98,132752.166735452,7637.16363450524,0.649607924061081,0.0612182270312557,4.03850156087409,0.125998361731477,0.782913743293438,0.0512556104714763,0.362360709863805,0.0500694223812594,0.883615352868345,0.0985844829276106
"5",10194.54,123030.754597337,6950.48939374714,0.316423589093215,0.0392931481398134,3.09362348178138,0.0973134197914987,0.771084337349398,0.0480731851429141,0.187064045656309,0.0306997101543537,0.629676601141408,0.0822058522505575
"6",48487.4,75504.9180327869,3425.79028770534,0.201639344262295,0.0298156743621943,3.05246053853296,0.0870760719571648,0.443169398907104,0.0241862775851772,0.121311475409836,0.0283584517972477,0.383060109289617,0.0650886446460363
"7",77799.33,53371.8956953642,2128.77067625506,0.272764900662252,0.0294951425915759,2.85257806826434,0.0851982055561895,0.219784768211921,0.0141446344494329,0.100993377483444,0.0268937914715434,0.398592715231788,0.0774305123144346
"8",56445.55,117761.876717707,4623.55228657545,0.480957989791912,0.0424298334166441,4.14498006524103,0.124901102394982,0.706713780918728,0.0316888802799158,0.238319591676482,0.0339155206294101,0.797016097369454,0.0818990675716253
"9",46861.05,135075.03742515,4350.53876739437,0.32559880239521,0.0403576611662046,3.97779319916725,0.112906969576315,0.781437125748503,0.0283037608123576,0.20247005988024,0.0346421928198797,0.767215568862275,0.0856190021338688
"10",53853.51,140894.005557761,6644.1048262597,0.317983326716951,0.0399999853194731,3.59456635318704,0.0924110702727074,0.704247717348154,0.0368625813575094,0.182215164747916,0.0354619656006978,0.603811036125447,0.0944904265805334
"11",50865.41,107006.196999348,3363.17881907698,0.198303979125897,0.0295927810275584,2.86765578635015,0.0775762867483524,0.65003261578604,0.0247095967149299,0.106979778212655,0.0276812939389486,0.44487932159165,0.0760435480951938
"12",49313.92,125929.6875,5326.57137828987,0.544791666666667,0.0466299692988749,3.76703577512777,0.0879163183539969,0.763020833333333,0.0359448532604968,0.315104166666667,0.0395602976201749,0.784375,0.0762167297503638
"13",73600.35,67623.687664042,2985.05898913689,0.198162729658793,0.0271029054687546,2.99940334128878,0.120245542801222,0.325459317585302,0.0192568000681632,0.113517060367454,0.0228267264870248,0.290682414698163,0.0725301936833989
"14",7937.033,74452.0078354554,4552.01781296974,0.109696376101861,0.0237338686497241,2.05851851851852,0.106066463969895,0.528893241919687,0.0403219094181683,0.0577864838393732,0.0193208268541502,0.363369245837414,0.0961033647921407
"15",71338.69,49813.4642356241,2286.47802402301,0.00841514726507714,0.0261330364810284,2.3639846743295,0.107477853244663,0.305750350631136,0.0206154806281255,0.00841514726507714,0.00765987902635611,0.211781206171108,0.0698761154906928
"16",108640.3,94258.0858085809,3431.33745816972,0.483168316831683,0.0452774121393121,2.85945633314054,0.0883486120250962,0.685808580858086,0.0297000915049011,0.308910891089109,0.0373373051063291,0.533993399339934,0.0747339811028656
"17",78629.55,98726.549175668,3435.62336353613,0.124502558271745,0.0192087641001854,2.59727822580645,0.0805901610906801,0.689596361569073,0.0275722123990339,0.0625355315520182,0.0159979308468444,0.36498010233087,0.0623002932012423
"18",81878.75,61270.3853955375,2817.02921449851,0.0340770791075051,0.0164594776642238,2.02625044341965,0.0969291196630557,0.438133874239351,0.0250041551548729,0.031237322515213,0.0150664571654516,0.307505070993915,0.0702032005383216
"19",85260.36,83822.814399252,3752.53366200988,0.0888265544647031,0.019936568674115,2.55449413808076,0.109559914292671,0.681626928471248,0.0347832061236823,0.0663861617578308,0.0186552380028483,0.258064516129032,0.0791450300829775
"20",132529.9,68894.5625653538,3143.57774755121,0.0585569884977344,0.0149864268546959,2.1277490297542,0.0941373493538454,0.467410247472987,0.0249500371304248,0.0467061693970024,0.0134779624794349,0.243987452073893,0.0775130558683743
"21",96108.48,67091.3520097442,2104.88499892568,0.048721071863581,0.0181052396737148,2.21071012805588,0.0847686731813144,0.351400730816078,0.0187419731479843,0.0377588306942753,0.0140757011851247,0.200365408038977,0.0598840363143259
"22",59699.55,29889.0589135425,1607.72105546041,0,NA,1.63365155131265,0.0731708776358305,0.214231063504208,0.0207262172055549,0,NA,0.236419280795715,0.0789319841653392
"23",70083.54,61260.0210970464,2114.8453784567,0.00474683544303797,0.0105497960167103,1.81612760301285,0.0597106116148068,0.595464135021097,0.0228905408730934,0.00474683544303797,0.00479758280867166,0.171940928270042,0.0510982151017646
"24",140413.4,38857.7981651376,1823.51858189175,0,NA,1.69351230425056,0.0706087907994151,0.295412844036697,0.0214840137656997,0,NA,0.284036697247706,0.0784697923173314
"25",28856.52,84674.3527508091,3466.85714237938,0.0918284789644013,0.0216655697975496,2.16922500935979,0.10031045570544,0.573220064724919,0.0273662198045682,0.0606796116504854,0.018554841776913,0.288834951456311,0.0661162831990192
"26",67965.1,35318.3257918552,1646.54199790109,0.0393665158371041,0.0180949492885038,1.73003802281369,0.0813647126470816,0.299095022624434,0.0227870503534967,0.0307692307692308,0.0151510149329266,0.246153846153846,0.0813112393645921
"27",156680.8,26607.7471059662,1012.35660927075,0.0031166518254675,0.00890550901213218,1.87851275399914,0.0972714055122736,0.144701691896705,0.015867887250376,0.0031166518254675,0.00404933640095232,0.166518254674978,0.0602379718075928
"28",39331.68,139347.673677502,5167.30466209254,0.398980242192479,0.036616561102201,3.79821428571429,0.0957876125895807,0.833014659018483,0.0348865425595722,0.180369662205226,0.0301089617615871,0.87189292543021,0.0818522618453585
"29",11583.8,142495.006242197,5390.79961673642,0.448189762796504,0.0380554424955198,4.03687396807925,0.0925135552891558,0.806491885143571,0.0342384005747574,0.16167290886392,0.0271791903831694,1.08676654182272,0.0865280187600379
"30",21678.7,141127.385496183,6161.87694132191,0.550572519083969,0.0622861633133159,4.34722222222222,0.109554045815459,0.829675572519084,0.0421845089290028,0.288167938931298,0.0527036095426128,1.12213740458015,0.104152532172443
"31",24649.16,151971.49592799,5527.02579136185,0.750107158165452,0.0530169596762674,4.76527831841183,0.136248190671045,0.798114016288041,0.0332234310428318,0.334333476210887,0.0405717582454792,1.15602228889841,0.0876694535784411
"32",39382.86,150590.380890897,4831.43034024826,0.507424144609425,0.0395970821004332,3.83412042502952,0.106726656924746,0.837314396384764,0.0302170084371328,0.242091672046482,0.0337710983661694,0.910264686894771,0.0808576672251238
"33",26653.19,130154.055390702,6280.85091915846,0.502967359050445,0.0637772852746003,3.94429590017825,0.111393677373154,0.833333333333333,0.0462585736003269,0.264589515331355,0.0531117378326869,1.06478733926805,0.109981068262404
"34",35068.19,154104.047346315,3708.75326650454,0.515463917525773,0.0398795575524279,3.95386904761905,0.096917230281459,0.862542955326461,0.0250932098582421,0.199694539900725,0.0366477308671077,0.993127147766323,0.0846672466595063
"35",56030.34,143525.77962578,5280.60576505214,0.228274428274428,0.0337734494767504,3.51224177505738,0.0924352175458021,0.821205821205821,0.0335601506736178,0.146777546777547,0.0339483011025343,0.772557172557173,0.0768821089142001
"36",33563.7,152740.458015267,6948.63676774645,0.566793893129771,0.0453280635898668,4.23755008586148,0.12395416926315,0.845419847328244,0.0420255827258082,0.25763358778626,0.0344405895052912,1.22455470737913,0.0927277282692869
"37",19159.13,159375.837427423,6471.06408880609,0.816882536846807,0.0566215408287745,5.01366742596811,0.094768959951881,0.905314872711032,0.0401313616889087,0.362215274676195,0.0341833834459639,1.20768200089326,0.0923289680350233
"38",20610.84,153546.96273609,4845.32621811153,1.24859622256253,0.0593251463064165,5.90147548786292,0.113241889859684,0.844818785094436,0.0301504150682129,0.483920367534456,0.03730010162467,1.31291475242471,0.0791006971285391
"39",29477.8,153161.897590361,6430.67478108683,0.845883534136546,0.0675150332150625,5.04564125969877,0.108699753850867,0.846887550200803,0.0414370952472656,0.388052208835341,0.0522001216694242,1.2535140562249,0.10736213568053
"40",28819.98,139960.138104206,5750.80177123295,0.522912743251726,0.0429732310576164,3.59671436142024,0.0970506251122037,0.814814814814815,0.0371470150697744,0.236660389202762,0.0370609789266684,0.77715003138732,0.0810190377933981
"41",36030.87,112253.802281369,5302.9218739238,0.380861850443599,0.0468131665077177,3.20552947313511,0.0969885982950267,0.766159695817491,0.0412859713456008,0.272496831432193,0.0408711251629171,0.643852978453739,0.0900227147274121
"42",40678.01,114665.278934221,4079.37938905567,0.413821815154038,0.041051107120035,3.25278953443632,0.101802454968717,0.691090757701915,0.0285849724450061,0.19067443796836,0.0315210083271973,0.665278934221482,0.0863773576818392
"43",24490.41,137827.731092437,5352.36287103514,0.691176470588235,0.0485694876527901,4.34678194044188,0.147558988335883,0.774159663865546,0.0340678488104922,0.320378151260504,0.0389635951094672,1.01260504201681,0.0807060207562777
"44",21145.01,128291.368133743,4403.57869640097,0.776867963152508,0.0474102372371932,4.60742371815036,0.115136052096248,0.793244626407369,0.0306578912806546,0.307062436028659,0.0329541490605013,1.10474240873422,0.0892175475209734
"45",30984.68,90897.9848866499,3260.97648380443,0.25776658270361,0.0397494562080565,2.84573002754821,0.0932017765407473,0.440386230058774,0.022347576407515,0.159109991603694,0.0395963501841162,0.489084802686818,0.0840861787215663
"46",28556.83,105887.543252595,3863.77949703462,0.551557093425606,0.0459557898620899,4.30710659898477,0.101241546831307,0.66643598615917,0.028657919554458,0.237370242214533,0.0407753733909856,1.17785467128028,0.0921842630257385
"47",29031.52,129867.914244186,2659.82118365472,0.726744186046512,0.0513782062028076,4.4789029535865,0.091159248578574,0.809593023255814,0.0206415442463732,0.336845930232558,0.0339621443743882,1.17296511627907,0.0803583854329579
"48",31119.86,92556.6251415629,2255.23195380301,0.653454133635334,0.0431831257643911,4.05949781659389,0.108973544773445,0.515288788221971,0.0177081653382015,0.30237825594564,0.0381255902038959,0.784258210645527,0.0784684935372747
"49",53178.83,124773.847125711,3391.69706501858,0.390397978521794,0.0350439570628316,3.60083283759667,0.0913977215672714,0.7150979153506,0.0245178630701856,0.169298799747315,0.0287026542305618,0.817435249526216,0.0791904441993331
"50",38860.17,84936.5959498554,4070.4835449404,0.508678881388621,0.0452603050965391,3.295014421096,0.098131632054476,0.679363548698168,0.0368878122480601,0.228061716489875,0.0274045842687525,0.755062680810029,0.0938780056437083
"51",45944.64,92156.267725468,3991.71169512782,0.391378332387975,0.0419082962724448,2.86386898669396,0.0966013025545669,0.668179239931934,0.0346725974223567,0.26091888825865,0.0371678635379343,0.648893930799773,0.0790893449530795
"52",39049.81,54349.9047619048,2020.27929023866,0.170666666666667,0.0286384603826042,3.54097784030953,0.115026689911161,0.40952380952381,0.0213178111532271,0.0834285714285714,0.023066562752437,0.596190476190476,0.0835586911598378
"53",30711.96,116068.832599119,4532.12301972815,0.240088105726872,0.0304230277149114,3.06960081883316,0.0987344468524556,0.72852422907489,0.0326113929241,0.132709251101322,0.0229527530632165,0.647026431718062,0.0727354505292813
"54",49204.79,134721.125370188,5682.39512958726,0.462981243830207,0.0402559557397613,4.4875,0.158948617681705,0.61599210266535,0.0311840423309957,0.203356367226061,0.0299711609851187,0.818854886475814,0.0959823131950481
"55",32804.6,135189.086980011,4603.46251770533,0.504051863857374,0.0414329659609601,3.82635658914729,0.120872189266761,0.721231766612642,0.028955074443796,0.227444624527283,0.0323727535105213,0.808752025931929,0.0838724961119161
"56",40269.86,134623.634775011,5097.1523297034,0.622105723023154,0.0514440269171956,4.46432841769629,0.108290377065228,0.768020969855832,0.0328704199727755,0.261249453910004,0.0406720090916094,0.957623416339013,0.0913845592270086
"57",43676.16,135051.032806804,6199.18335973035,0.454434993924666,0.0423690141446858,4.53490054249548,0.099308692332349,0.741595787768327,0.0394699915083631,0.185095180234913,0.036115554252559,0.871202916160389,0.0899509874476225
"58",26581.14,160182.732606873,4150.12795073156,0.655909471919531,0.0473216943829453,4.67708745548081,0.0971331393774529,0.832355406538139,0.0255384107128567,0.301341156747695,0.0378979326728959,0.935037720033529,0.083605792077086
"59",39092.95,115713.90689452,4049.91442196423,0.356511490866235,0.0324024806049636,3.79967776584318,0.103922756509877,0.694166175604007,0.0282320232812376,0.173246906305245,0.0260715969698379,0.776075427224514,0.0800594708387671
"60",40725.73,107667.384284177,4460.24001266304,0.36275565123789,0.0367053254724419,3.25454545454545,0.102360793531249,0.6254036598493,0.0300609029137125,0.186759956942949,0.0338414119147449,0.633476856835307,0.0868813397906468
"61",27582.1,127918.164313222,4926.24509609671,0.695763799743261,0.0475383952567622,3.98769574944072,0.0859446247234135,0.722721437740693,0.0308663057311984,0.311296534017972,0.0340763463162357,0.857509627727856,0.083129298467883
"62",22688.03,158498.871841155,5288.49752961794,1.05054151624549,0.0654886184436483,4.49536647009267,0.116099874560344,0.832581227436823,0.0322426159055351,0.567689530685921,0.0471810693672636,1.18231046931408,0.0887933512862931
"63",30934.53,151763.111888112,6003.20284420872,1.01165501165501,0.0630962740608725,4.80324543610548,0.0824320908074516,0.84965034965035,0.0370029315885257,0.424242424242424,0.0432942709043446,1.03554778554779,0.0770671289140028
"64",32663.14,145794.605809129,4818.70407811852,0.895672791938352,0.0546089768929991,4.91513513513514,0.0956145362758584,0.809128630705394,0.0304956894881888,0.363366923532899,0.0368590361342395,1.04327208061648,0.0839495947735165
"65",34598.5,75856.771375078,3490.83364007159,0.0871645516954441,0.0176042245082709,2.1416287303996,0.0823618568106939,0.42063657166632,0.0239633153025346,0.0480549199084668,0.0180392464382192,0.463490742666944,0.0718787041839171
"66",5223.779,120469.879518072,4105.09507956316,0.239625167336011,0.0359399086136224,3.76383763837638,0.12214658474147,0.617135207496653,0.0261544314345315,0.143239625167336,0.0296127699255714,0.898259705488621,0.0954483692495485
"67",42010.53,69901.9566142067,2432.68864265975,0.279880901743939,0.0336555853792141,2.06702619414484,0.0815526782655006,0.42194810718843,0.0204531417535202,0.164185452998724,0.0284214393404885,0.320714589536368,0.0598783125109573
"68",25933.69,102708.011996572,5173.93844210809,0.488003427592117,0.0449454239800895,3.09700948212983,0.119208270825472,0.546272493573265,0.0334531147936552,0.263067694944302,0.0391816952734674,0.50942587832048,0.085755125805877
"69",2978.439,74175.7679180887,5600.19759972304,0,NA,5.94836956521739,0.343999672586148,0.428327645051195,0.0422973207484275,0,NA,1.24402730375427,0.157957504418553
"70",8214.77,152825.271059216,9269.86252621323,0.829024186822352,0.0821105305949974,2.99010600706714,0.155846749325263,0.84070058381985,0.0589426432578362,0.454545454545455,0.0689375360512583,0.803169307756464,0.103935811671834
"71",34347.15,77069.7224015494,2578.18779168666,0.291801162040026,0.0346429152310886,2.709630911188,0.0966353997151178,0.432537120723047,0.0194314878130015,0.188831504196256,0.0286793685220061,0.475790832795352,0.0660856151776936
"72",46595.63,95560.398505604,2686.61069934439,0.286114570361146,0.0343027496019342,3.3435136707388,0.0888973475733591,0.584993773349938,0.0211164366384687,0.172166874221669,0.033559698551917,0.618306351183064,0.0734657829060844
"73",30900.02,128409.672040022,4239.44206748397,0.441912173429683,0.0390695537775942,3.95319812792512,0.0882081019491396,0.791550861589772,0.0286744560714141,0.255697609783213,0.0334248115676298,0.684269038354641,0.0743016996815294
"74",26041.33,160954.100367197,6089.28386900628,1.08996328029376,0.0655761183147497,4.957343412527,0.102360130082859,0.780905752753978,0.0341352257369147,0.559363525091799,0.0482809259165552,1.31517747858017,0.0867521699916443
"75",20338.56,125256.573705179,5020.54599479652,0.52390438247012,0.0498261904156211,4.04346238130022,0.0970560371774436,0.693227091633466,0.032927772074361,0.262151394422311,0.0391056341759283,1.34103585657371,0.0992969871933855
"76",27805.99,145522.662889518,3685.22496068073,0.864730878186969,0.0555156860265694,4.63063063063063,0.0984215738201298,0.781869688385269,0.0235807804183731,0.375354107648725,0.0456398607612396,1.10623229461756,0.0897194622943788
"77",22645.08,148067.311200292,4747.16374844523,0.808464064210142,0.0539621041686309,4.38896457765668,0.0820947015551865,0.729295877417001,0.02823809160326,0.412987960598322,0.0467974092418927,0.912075884713608,0.0819601010560589
"78",37294.88,153623.878267655,6466.15598183723,0.499024580569645,0.0412149786999646,3.93453411846207,0.103299850099058,0.766289504486929,0.0369119194149196,0.248927038626609,0.0329250154553226,0.787358564182599,0.0891213821185885
"79",47182.8,106366.678596994,3622.38748506917,0.31782390837509,0.0323711410720725,3.53184044786564,0.136662632047693,0.565139584824624,0.02303025701526,0.16034359341446,0.0297883087253484,0.622763063707946,0.0799056563982319
"80",39863.93,103012.540021345,3231.53079975366,0.334578441835646,0.0315535533098719,3.49722642460918,0.102004398855779,0.520811099252935,0.020034123794246,0.161686232657417,0.029226516902334,0.708644610458911,0.0794595703762852
"81",40083.45,137893.974778141,5542.84868903615,0.502568893040635,0.0466607438694099,4.22164276401565,0.110316006091773,0.788416627744045,0.0354520444835901,0.216254086875292,0.0394671888859616,1.05091078935077,0.0998320787357458
"82",25917.15,161294.300518135,5368.87921356849,1.02279792746114,0.0555712155935891,5.10618216139689,0.104132038293071,0.776683937823834,0.0287512919195527,0.457512953367876,0.0343360119165027,1.16424870466321,0.0783884309660579
"83",23151.58,159071.576049553,5706.12756937527,1.1920165175499,0.0709834704626239,5.41597444089457,0.100784596747252,0.850653819683414,0.0351563044872609,0.565037852718513,0.046000057762543,1.37233310392292,0.0912440282951066
"84",21495.74,162560.430463576,6443.04335146277,1.25993377483444,0.0821943098610265,5.17065637065637,0.110425624923777,0.860927152317881,0.039645496458904,0.542218543046358,0.0545796419681223,1.36341059602649,0.1049096972786
"85",27870.12,153573.632130384,4550.81140889415,1.10302677532014,0.0584874875154002,5.03318824809576,0.0858032022266737,0.810244470314319,0.0276936979134053,0.50291036088475,0.0418975478447286,1.20314318975553,0.0803667331151159
"86",27001.58,140933.067729084,4832.18534858723,0.939840637450199,0.0679819577340739,4.54011090573013,0.121370658961434,0.768924302788845,0.0318417107093313,0.416334661354582,0.0550054327198083,1.09083665338645,0.0990134467627294
"87",18936,141308.816705336,3735.6475494291,1.21809744779582,0.0756957572409222,5.23111309789897,0.100704205801291,0.783758700696056,0.0249290506575432,0.665893271461717,0.0423601376283596,1.35359628770302,0.0838355268189951
"88",8916.502,133006.539509537,3426.47513303526,1.59128065395095,0.0716671459110084,5.47985347985348,0.128088415209979,0.671389645776567,0.0207550621146705,0.709536784741144,0.0409650821726932,1.38528610354223,0.0833835220546682
"89",21051.56,147668.361884368,2778.7830094399,1.22269807280514,0.0615127813939599,5.37950862519603,0.106212613066464,0.745717344753747,0.0173267585302429,0.581905781584582,0.0410688400655518,1.29229122055675,0.0726006838660505
"90",4503.71,177644.265232975,6753.06753883631,0.878136200716846,0.0634631498029556,3.43839061190277,0.140871023915497,0.862007168458781,0.036985586809273,0.449820788530466,0.0482089465051266,1.13440860215054,0.088302321999597
"91",20658.59,171610.383064516,6081.01308527239,0.905241935483871,0.0620275615566193,4.35207373271889,0.101295649779198,0.901209677419355,0.0360864557078119,0.399193548387097,0.0404338412604481,1.34677419354839,0.0942378934181925
"92",16002.9,168402.431421446,6553.86172304686,1.36907730673317,0.0776669867928906,4.6317851147174,0.114116189464579,0.855361596009975,0.0377819671406394,0.616583541147132,0.0503004049021458,1.43329177057357,0.0904596065604045
"93",24009.61,134438.020833333,4455.80561566997,0.8421875,0.0505649991768649,4.10479041916168,0.131601430161546,0.621354166666667,0.0245844715528333,0.365625,0.0352898394811829,1.16041666666667,0.0848270270086992
"94",20790.99,100408.309455587,3400.12509461398,0.515759312320917,0.0509896343911051,4.14763231197772,0.133056460270948,0.45702005730659,0.0228482507170705,0.236389684813754,0.0424392916848344,1.02865329512894,0.105067148487765
"95",42943.04,126427.756653992,3690.32895804444,1.13371356147022,0.0645154806592964,4.38222763237979,0.124546206496765,0.608998732572877,0.0222971546669722,0.417617237008872,0.043971030561508,1.17680608365019,0.0825882154093873
"96",56040.19,99144.1558441558,3160.43944397299,0.680519480519481,0.0449443202617033,4.46650124069479,0.133127807273429,0.408441558441558,0.019008579869985,0.222727272727273,0.0330425612623675,0.740909090909091,0.0963011085305551
"97",41522.05,138872.289156627,5678.60401181318,1.0421686746988,0.0731253642732632,4.73473917869034,0.117329508138016,0.568674698795181,0.0297679450156149,0.414457831325301,0.0456162775251966,1.14457831325301,0.110221364572955
"98",29094.79,124583.972719523,4119.6487932474,0.996589940323956,0.0765902901388263,4.84603174603175,0.11814210891022,0.490196078431373,0.0229345231353397,0.392156862745098,0.0562818802023686,1.34526854219949,0.10953735289999
"99",20131.01,89657.0660522273,3589.12055240669,2.79723502304147,0.136364014001424,4.96708683473389,0.126855872114054,0.203533026113671,0.0158339770905562,0.775729646697389,0.0551841270422364,1.93778801843318,0.11521573824218
"100",24770.04,92603.1613976706,4388.99670966556,2.4134775374376,0.149010595525506,5.06795366795367,0.145871371738983,0.343594009983361,0.0285407297823718,0.818635607321131,0.0648269397703954,1.79534109816972,0.139883231413495
"101",23465.27,54290.3746770026,1572.89473554197,0.803617571059432,0.0456919978833729,5.0448798988622,0.158789525402632,0.156976744186047,0.0100405057408196,0.290051679586563,0.0328069686270732,1.05555555555556,0.0863551145634388
"102",5614.611,38952.6659412405,2440.40180033656,0.282916213275299,0.0428426257708537,4.5968992248062,0.246690383965527,0.206746463547334,0.0281070863471798,0.114254624591948,0.0343866800176854,0.852013057671382,0.121468473337566
"103",13501.39,76234.7861842105,3875.57226589391,1.93914473684211,0.125914113629939,5.36830520909758,0.195230093400328,0.192434210526316,0.0186240117691083,0.550986842105263,0.064243072168164,1.44078947368421,0.131212559105909
"104",13949.58,83221.359223301,3182.92930328611,1.8747572815534,0.0909327389941392,4.72181818181818,0.185153187222935,0.307766990291262,0.0170459432133948,0.57378640776699,0.0514041308766677,1.4621359223301,0.102415817106868
"105",10410.68,71146.1538461538,4738.33858619428,1.67362637362637,0.12969967961642,5.17961165048544,0.275759587474702,0.136263736263736,0.0150808983934256,0.468131868131868,0.0544350113094119,1.50879120879121,0.14864429030929
"106",17626.88,152380.208333333,4466.41122941079,1.91071428571429,0.0901929481509935,5.48166786484544,0.155829656331833,0.710565476190476,0.0251271184812185,0.726190476190476,0.0442380581917997,1.53422619047619,0.0875598148951552
"107",22914.73,137419.415645617,5219.99893879472,1.40951932139491,0.0884539842140938,5.26402070750647,0.137341909472267,0.652686145146089,0.0322497352862635,0.59990574929312,0.0559726788091224,1.47973609802074,0.105155482758589
"108",31276.97,139081.454340474,4561.44976877322,1.16459977452086,0.059822819652611,4.79241414659149,0.109440410138274,0.64543404735062,0.0247490951828862,0.454340473506201,0.0378990411935735,1.20800450958286,0.083608282924875
"109",29705.31,129873.343151694,4752.80677533996,1.21134020618557,0.0731266570757817,4.60155697098372,0.142331734732834,0.491899852724595,0.0233154294758628,0.410898379970545,0.0504903952954676,1.24374079528719,0.100992864256918
"110",28033.59,139004.954954955,5085.08434873791,1.9036036036036,0.110007687159318,5.35904027420737,0.125598286292879,0.553153153153153,0.0263885517342703,0.707207207207207,0.0628971243417839,1.49009009009009,0.115539745757834
"111",25208.08,114794.346289753,5850.9592933775,1.77385159010601,0.109028836691801,5.23803446075303,0.214503051453157,0.362544169611307,0.0252271765864453,0.563250883392226,0.0533546017574659,1.53144876325088,0.119783535175099
"112",22528.96,122991.883116883,1452.08835161753,2.26262626262626,0.0753802995816198,5.38852813852814,0.111910040238162,0.468614718614719,0.0115148385056122,0.688672438672439,0.0459823299858556,1.61291486291486,0.0853805828459731
"113",25325.44,94185.6697819315,3449.82912181017,2.34828660436137,0.107968419939635,5.52819332566168,0.128127142500079,0.292834890965732,0.015704720601971,0.707788161993769,0.0605805532400948,1.75140186915888,0.107445358344054
"114",21985.29,109656.441717791,2672.83471359394,2.39331970006817,0.0923065130650933,4.94308405029782,0.102606456669938,0.250170415814588,0.0131125817897754,0.685753237900477,0.0499749224853521,1.81663258350375,0.101110238070279
"115",22809.14,81528.7081339713,3231.04444978631,1.72886762360447,0.102775176818967,5.04649446494465,0.134595117611911,0.261562998405104,0.0214259808544543,0.486443381180223,0.071750529910724,1.31738437001595,0.118458781736407
"116",19862.46,91414.0378548896,2796.33802993539,1.58990536277603,0.0868450335884523,4.87635239567233,0.154750925364493,0.427444794952681,0.0199336198479409,0.537854889589905,0.0550904507371549,1.44479495268139,0.113222539982324
"117",19265.7,109082.439678284,1196.37089902592,2.20308310991957,0.0782570485738078,5.61796246648794,0.107374180319552,0.428954423592493,0.0128660433401647,0.766756032171582,0.0470649656871041,1.86394101876676,0.0936874908296211
"118",37772.54,79016.9648365207,1949.83257044149,1.8778531770512,0.0762860516551385,5.16774573278399,0.106555384159871,0.276989512646515,0.0122228262719084,0.536088834053054,0.0525403835981225,1.54719309068476,0.0943827886418561
"119",25837.57,114472,3399.47151653545,2.148,0.0898953243065067,5.43893129770992,0.103050152243905,0.435,0.0174483318053235,0.755,0.0584137738183512,1.63,0.101731956459512
"120",34640.38,86516.3877266388,2705.80816394544,2.11366806136681,0.100178681049531,5.22544951590595,0.184236560108457,0.284518828451883,0.0172412158561268,0.633891213389121,0.0517092762602023,1.89748953974895,0.118268857080517
"121",38878.5,102743.253662298,1824.37029332522,2.15420200462606,0.0908842333290119,5.54434250764526,0.142410849333252,0.297609868928296,0.0137695108161023,0.63993831919815,0.0595048839989808,1.91518889745567,0.114465679784637
"122",25206.38,103342.906234659,1906.32694929434,1.91212567501227,0.0676984778658124,5.0654296875,0.117738643954695,0.308787432498773,0.0113246682451975,0.576828669612175,0.0490692739334711,1.46980854197349,0.0827659219311584
"123",26102.93,98585.4083665339,2350.67224025051,2.59711155378486,0.0912746284311771,5.29531471840984,0.10283261104509,0.283366533864542,0.014570207265715,0.675796812749004,0.045787926571071,1.87250996015936,0.0959041266490616
"124",35781.25,87919.50688905,2086.55959608942,2.0253807106599,0.0830559106845636,5.06219081272085,0.10146914911622,0.314720812182741,0.0152420512103235,0.616388687454677,0.0459031068577002,1.49456127628716,0.0956566087114249
"125",17547.68,92340.8057179987,3018.208154656,1.73619233268356,0.0837908978749744,5.08862350722816,0.135531501968804,0.353476283300845,0.0193076246745948,0.586094866796621,0.0506267421875836,1.76738141650422,0.103177314091735
"126",29038.78,92608.239095315,3808.24011713741,1.95638126009693,0.112296977055057,4.97159504734159,0.122452082997907,0.27140549273021,0.021334060762614,0.584814216478191,0.068491628045629,1.83521809369952,0.125378611268641
"127",27240.81,79662.1490803485,3365.11762572941,2.45982575024201,0.135130860048712,5.03528319405757,0.186107605089954,0.133591481122943,0.0164161262029308,0.731848983543078,0.054258020038632,1.6863504356244,0.12905675147178
"128",32352.18,105927.696078431,3251.89005774618,2.375,0.104345298405443,5.58339984038308,0.135244081473,0.263071895424837,0.0166472708990019,0.619281045751634,0.0539647429624475,2.16503267973856,0.120502310429431
"129",26842.25,70213.7901127494,2103.70103970992,1.77536860364267,0.0946814436191415,5.0772391125719,0.125431797030543,0.150043365134432,0.0142551165344721,0.492627927146574,0.0460570317826274,1.52385082393755,0.114681360176478
"130",42092.27,78740.6380027739,2713.7108903648,2.14563106796116,0.0993129756346729,4.93478260869565,0.168582556229354,0.153952843273232,0.0130392769111596,0.540915395284327,0.0553499916470893,1.69209431345354,0.112816844167038
"131",36616.68,123332.232184993,3245.26016139398,0.67579046720151,0.046880282609083,4.30728003573024,0.0883246099605564,0.80556866446437,0.025574546730249,0.307220386974988,0.03721227719386,0.970740915526192,0.0794589766375683
"132",10454.34,138865.079365079,5083.77849276866,1.10714285714286,0.0679777400530444,4.8293089092423,0.133118078756459,0.863756613756614,0.035594697426719,0.485449735449735,0.0431149468472181,1.43430335097002,0.0938438346633471
"133",32037.32,112706.282722513,3147.12133329887,0.798429319371728,0.0460729463081839,4.47604639435199,0.0993004763866121,0.756020942408377,0.0247895667300206,0.28848167539267,0.0373690967338967,1.17696335078534,0.0751857611023209
"134",31957.34,126566.964285714,4686.06327206442,0.630169172932331,0.0481335574093786,4.06195099398983,0.169566248841833,0.771616541353383,0.0335262103266942,0.266447368421053,0.0331165935873024,1.05827067669173,0.0908373677358539
"135",20295.19,143134.182590234,4935.97901802395,1.49936305732484,0.0820709088826189,5.64100609756098,0.0945054894255102,0.735456475583864,0.0304642753351484,0.581316348195329,0.049061474485807,1.54267515923567,0.101373761813383
"136",17833.01,142895.637583893,1743.69295557988,2.07181208053691,0.0745646187974548,6.3059452237809,0.102821282685015,0.715436241610738,0.011906655925029,0.804026845637584,0.0351571553147524,1.79597315436242,0.0762353325748099
"137",15030.7,156119,3879.32060685805,2.2335,0.0805181929468509,6.45162835249042,0.114554143721365,0.6545,0.0195028961265144,0.775,0.0369331693619354,1.8005,0.081440691960985
"138",7409.443,124051.196172249,4172.81100757023,1.80478468899522,0.0919535333507378,5.28959700093721,0.195066682353535,0.62488038277512,0.0262085620460151,0.724401913875598,0.0513824551700003,1.65741626794258,0.105043652938918
"139",12021.73,157277.397260274,5331.80605176894,2.29337899543379,0.0985158186915697,6.7792349726776,0.184159721345904,0.674657534246575,0.0259426706853012,0.844748858447489,0.0476239871956081,1.75684931506849,0.0921349238562481
"140",12602.56,148154.648609078,3352.36127649191,1.94289897510981,0.0728224647235583,5.98148148148148,0.0942990184187223,0.642386530014641,0.0184359110083629,0.810761346998536,0.0378035807422291,1.93265007320644,0.0818966870827871
"141",14119.17,157046.434859155,5404.12668027726,2.08054577464789,0.101445557311277,6.28117258464079,0.0968948458722,0.724031690140845,0.0291337526462325,0.75,0.0432274623255279,1.85255281690141,0.106703182395528
"142",9709.628,173949.634093844,5763.60336871725,2.79638398622471,0.123276706872214,7.55651105651106,0.183062338194781,0.747739991390443,0.0281626434791282,0.947481704692208,0.0477683852297073,2.09857942315971,0.105537271552139
"143",11998.13,136779.938977879,3983.60546312686,2.09382151029748,0.099840945341131,6.16353111432706,0.120910751159718,0.653699466056445,0.0244536614943914,0.784897025171625,0.0515719468040665,1.7116704805492,0.101345090018618
"144",16163.81,131858.52553542,5200.35121501391,1.8492586490939,0.0957417807566455,5.7056162834527,0.118674338199322,0.621087314662274,0.0292489866841794,0.672570016474465,0.0508919890544809,1.58031301482702,0.101011863141713
"145",37820.42,103680.278884462,2941.55083274291,1.96065737051793,0.0776460745886124,4.95306513409962,0.120033403072612,0.421314741035857,0.0178225947907412,0.546314741035857,0.0433125914126353,1.63645418326693,0.0930607280844238
"146",28895.05,99862.6560726447,4053.17422370449,2.40976163450624,0.121092118137395,5.24403470715835,0.171665541698044,0.359818388195233,0.0227124280152573,0.679909194097616,0.0543119179719176,1.62883087400681,0.114233434147383
"147",25212.65,107191.164972635,4012.65289419193,2.49648162627052,0.123651234367543,5.57879234167894,0.138518663808529,0.440187646598905,0.0224529976287025,0.806880375293198,0.056995209743341,1.85379202501955,0.110530665572172
"148",23545,88925.4115226337,2273.31454984891,2.09362139917695,0.0817690006322677,4.74538192710934,0.0976627737843249,0.441358024691358,0.0169498165785968,0.703189300411523,0.0446217708943036,1.63991769547325,0.0870864831050632
"149",23241,78387.4137015401,2194.98382561456,2.14922995220393,0.0844201671104877,5.1240467717336,0.149124552717296,0.313860860329262,0.0127549935381833,0.661178969729156,0.0463441795164086,1.78173127987254,0.0966736740411305
"150",32086.86,119364.013266998,2999.24652742543,1.06246545052515,0.0597216476958014,5.03294979079498,0.0893729979251235,0.627418463239359,0.0190354507934365,0.393587617468214,0.037186856030553,1.43615257048093,0.0865563777191639
"151",27769.94,107832.120872971,1682.27690415432,1.28147733631785,0.056269085072573,5.23331494760066,0.084974347684443,0.519865696698377,0.0123002606946903,0.475657526580862,0.0370399745333677,1.3217683268047,0.0780124075444124
"152",22139.72,124596.417069243,3891.1680547926,2.05112721417069,0.0923612567370887,5.72146636432351,0.115924896881021,0.565217391304348,0.0232469967019195,0.719404186795491,0.041909064257969,1.74959742351047,0.0972719868331647
"153",19853.15,116927.698574338,4426.07264983497,1.73048200950441,0.0954023757400525,4.90983606557377,0.100058890594336,0.557365919891378,0.028550913861438,0.541751527494908,0.0584386335688038,1.47522063815343,0.106234482402193
"154",19911.35,116727.450980392,3097.93591577167,1.66078431372549,0.0776680115005693,5.40662086196127,0.100700703036379,0.558823529411765,0.0207189152082938,0.609803921568628,0.04871653407055,1.57058823529412,0.0904028067660849
"155",22664,124737.254901961,4065.79287760062,2.34341736694678,0.100431747578216,5.75120385232745,0.15577278759888,0.500280112044818,0.0216124811440314,0.753501400560224,0.0461279831308146,1.76918767507003,0.0961752471400391
"156",22712.8,109533.21299639,2732.03944657213,1.85992779783394,0.0823020448500329,5.70767104353836,0.105299541969152,0.493862815884477,0.0191057579641628,0.698916967509025,0.0475103203039373,1.5826714801444,0.0973763139952442
"157",14420.41,118728.292329957,3436.41946069378,1.63060781476122,0.0763864699169605,5.66597653554175,0.108802585504918,0.493487698986975,0.0201535649205359,0.631331403762663,0.0534342222638403,1.69066570188133,0.097549229841508
"158",11510.13,123382.602545969,4918.16983327669,2.33097595473833,0.118489875529762,6.51244416081685,0.106922801692313,0.664073550212164,0.031541280903641,0.874823196605375,0.060029286434718,1.9016973125884,0.10887030697052
"159",11414.61,43540.5186385737,2608.88133153676,0,NA,3.80649526387009,0.15483281964057,0.440842787682334,0.036850150744865,0,NA,0.716369529983793,0.112813883602939
"160",21168.92,73596.7311541027,2142.42410033635,0,NA,3.76354365838113,0.103680624336852,0.57371581054036,0.0209829159207631,0,NA,1.07204803202135,0.0882812440531314
"161",32450.98,74979.0511398644,2575.87808194459,0,NA,3.93991912189486,0.113795599603767,0.561922365988909,0.0237962001435695,0,NA,1.10412815773259,0.0845105188381629
"162",25232.07,126457.032620133,4247.35842994813,1.87407927043143,0.0861752209809215,5.63957003694995,0.140208690878762,0.603647842862154,0.0266500793066754,0.567870922483339,0.0442828240280104,1.72816555594528,0.100617667003658
"163",17047.94,105959.459459459,1997.59771035797,2.21672616012239,0.0733015817196111,5.02113022113022,0.0837450495403896,0.47628760836308,0.0130578434440574,0.685874553799082,0.0386931939958399,1.62927078021418,0.0772626712315984
"164",34148.41,94005.3022269353,1933.33312364207,1.09703075291622,0.0467208602249269,4.20512820512821,0.0909233323407617,0.507953340402969,0.0149752577057401,0.345174973488865,0.0307168502105528,1.51166489925769,0.0797069664530586
"165",17253.9,94539.0476190476,1462.42221127523,1.93219047619048,0.0708697213666374,5.49257142857143,0.115511592830817,0.379809523809524,0.0133385741584115,0.682666666666667,0.0464683536720135,1.60495238095238,0.0868300277049968
"166",17715.24,116586.534653465,2490.53743557779,1.91445544554455,0.0751829245135262,5.093797856049,0.0996965352155226,0.453861386138614,0.0152019489512664,0.616237623762376,0.0424184215654846,1.62495049504951,0.0907929032679018
"167",28824.21,109295.267489712,3407.38457169161,0.65380658436214,0.0411423785784494,4.70765432098765,0.121347165227046,0.645576131687243,0.0240656976258327,0.263374485596708,0.0286372187270025,1.05915637860082,0.074170034351802
"168",27405.14,116747.570764681,4394.2320302445,0.942965779467681,0.0626446418246833,5.02695417789757,0.103621265320332,0.68736797634136,0.0317457823066218,0.362484157160963,0.0453716697050494,1.13519222644698,0.0908785021435821
"169",34881.28,95249.7171945701,2905.9457127956,0.481334841628959,0.0386646666783094,4.55538057742782,0.0849577387188313,0.64027149321267,0.0238023603321876,0.236425339366516,0.0303499143556733,1.05825791855204,0.0743167050910648
"170",24588.22,129375.869262865,5452.68551806315,0.856050069541029,0.0599337642543861,5.08870967741935,0.124804322041529,0.701668984700974,0.0344675508989175,0.335883171070932,0.0440606460356233,1.16968011126565,0.0914001776517657
"171",34254.75,92167.6551996837,2628.40767679998,0.659549228944247,0.0452319513342269,4.22292519538519,0.0962774536765589,0.538157374456307,0.0196989409565011,0.305654408857256,0.0367555294223786,1.0011862396204,0.0825704803210128
"172",11726.22,162250.267379679,6415.34034088168,2.11122994652406,0.104647735852583,7.4688995215311,0.136552332088158,0.827807486631016,0.035531486182256,0.782887700534759,0.0467268141768499,1.84491978609626,0.101371847777038
"173",34633.91,123485.822306238,5800.4453399456,0.870982986767486,0.0667450014518029,4.9643485915493,0.183112892824334,0.706994328922495,0.0399943000729826,0.378071833648393,0.0488806367653341,1.20463137996219,0.107162378525033
"174",31166.56,109597.912524851,2200.89388128669,0.728628230616302,0.0463565913080273,5.10039761431412,0.12748602370696,0.617958913187541,0.01769631084866,0.30649436713055,0.0430154588061243,1.27534791252485,0.080887729646649
"175",27622.89,110716.593886463,3574.81128998614,0.947161572052402,0.0662324166346903,5.23384108686702,0.112133934432206,0.615720524017467,0.0257439466635094,0.415720524017467,0.0492381937592589,1.35502183406114,0.0944597973432526
"176",30918.47,95259.6203181118,2695.59384049382,0.873781426372499,0.0487537864785788,4.62959381044487,0.0963528851084122,0.54232939969215,0.0183527536382707,0.378655720882504,0.0334788762208252,1.05284761416111,0.0730552927527392
"177",29762.55,108871.187540558,3382.62199618058,1.16677482154445,0.060288066705779,5.30146627565982,0.113714520220629,0.514600908500973,0.0212072471665926,0.421804023361454,0.0455799558362724,1.14795587280986,0.0812155823146914
"178",22496.51,112980.168269231,3868.05646119466,1.36778846153846,0.0706836506239113,5.37297599106644,0.134619358714812,0.569110576923077,0.0249837671414361,0.501201923076923,0.0435841596724146,1.42487980769231,0.0903979631373462
"179",29694.47,106752.236751549,4719.90535665173,1.06813489332416,0.0779485444505066,5.14830769230769,0.149796379913278,0.573296627666896,0.0319511271520421,0.448038540949759,0.0515117963312208,1.2849277357192,0.102579410999147
"180",15791.77,107191.65407855,3753.6215049209,1.72658610271903,0.0884936731536238,5.26207137858642,0.140637829837925,0.544939577039275,0.0255833341772738,0.567598187311178,0.050113989065812,1.45808157099698,0.100999330850394
"181",25122.44,105164.945125888,3332.88751592936,1.35765009683667,0.0683622157919632,5.08318042813456,0.120341662709197,0.569399612653325,0.0227849921425926,0.482246610716591,0.0453030892297782,1.35700451904454,0.0914357316939063
"182",1745.501,182291.254752852,5208.92167197548,0.131558935361217,0.0199755840708288,5.8698224852071,0.12474754885829,0.856273764258555,0.0274904728166819,0.0403041825095057,0.0170915019675718,1.79771863117871,0.101131975689741
"183",952.0966,71234.3137254902,4020.95056870519,0.400980392156863,0.0546387314865403,2.8090405904059,0.16123119943247,0.481372549019608,0.0344716407658142,0.227450980392157,0.0463758867782729,0.92843137254902,0.112204188217647
"184",32286.66,47108.1780538302,1655.09628915207,0.872670807453416,0.0480855475400614,4.41138059701493,0.103719656918269,0.123188405797101,0.0102744988596111,0.198757763975155,0.0315253463274013,0.936853002070393,0.0918105017627567
"185",14212.3,141719.277545834,4661.69012568212,0.704483572336177,0.0454205679357434,2.97404580152672,0.0885205168479264,0.747504084225812,0.0287177819859186,0.32819023416228,0.0338891757429515,0.737520421129062,0.0719464016906562
"186",5747.125,113553.389322136,2270.61366528028,1.67426514697061,0.0677727605897791,4.72657176749703,0.111950300530783,0.559688062387522,0.0172763048218154,0.599280143971206,0.040357839079141,1.78464307138572,0.0875286390429528
"187",49367.66,30616.4448669202,758.444023900082,0.0413498098859316,0.0117313269299812,2.26313485113835,0.0664040909892266,0.0865019011406844,0.00638258388657386,0.028041825095057,0.00809530524301355,0.22148288973384,0.05218729710481
"188",26623.39,78078.753076292,2950.24995021497,1.35274815422477,0.0802826484242909,4.89506656225529,0.172651906369115,0.200984413453651,0.0155959015878916,0.400328137817884,0.0510175821361557,1.6546349466776,0.115739729683593
"189",19881.58,129054.861382273,3084.62390508142,0.96837172979305,0.0598331116968324,4.51338107802488,0.108616373720822,0.58102303787583,0.0188614724609937,0.463490823896915,0.0396785296691391,1.29246388129637,0.0924154973305119
"190",21505.43,164097.651180898,9421.33130107649,0.666363872307293,0.0639579164359612,3.08109222050489,0.0913049737178493,0.823773682844537,0.0536319555260273,0.3655593044381,0.0512865236500957,0.793018427199585,0.0925137256266782
"191",769.9802,150877.192982456,27271.7945810378,0.964912280701754,0.391257410333671,4.97183098591549,0.858992666165167,0.929824561403509,0.222783786687307,0.614035087719298,0.203126408848102,1.47368421052632,0.504085297088222
"192",50.06799,138636.363636364,36918.7745345776,0,NA,3.77272727272727,1.09349193130995,0.939393939393939,0.343872386039682,0,NA,1.10606060606061,0.568281138881359
"193",0,NA,NA,NA,NA,NA,NA,NA,NA,NA,NA,NA,NA
"194",1277.775,38007.2463768116,5257.91946306823,0.673913043478261,0.122901281686741,3.78073089700997,0.524815958693609,0.13768115942029,0.0379936368049887,0.148550724637681,0.0545259845589956,0.742753623188406,0.208256524226207
"195",623.1144,89142.1319796954,13437.8233132766,1.71065989847716,0.313529083270333,4.95180722891566,0.821101933418928,0.269035532994924,0.0620155534267379,0.725888324873096,0.171679134006121,1.26395939086294,0.280814682407229
"196",174.766,101966.911764706,22719.900125183,0.235294117647059,0.134164953771806,2.52247191011236,0.536895531152176,0.544117647058823,0.155107887481577,0.117647058823529,0.0479137281315271,1.26470588235294,0.384064702795805
"197",NA,NA,NA,NA,NA,NA,NA,NA,NA,NA,NA,NA,NA
